step,tokens_seen,train_loss,lr,grad_norm,step_time_s,mem_current_gb,mem_driver_gb,mem_peak_gb
0,32768,9.173916,0.00000300,5.386842,8.0608,2.2090,8.0663,8.0663
50,1671168,5.898292,0.00015300,1.725184,4.0032,1.5294,9.0663,9.0663
100,3309568,4.261701,0.00030000,1.413939,3.7694,1.5294,9.0663,9.0663
150,4947968,3.599184,0.00029918,1.308243,3.6362,1.5294,9.0663,9.0663
200,6586368,3.351425,0.00029674,1.345186,3.5378,1.5279,9.3173,9.3173
250,8224768,3.191499,0.00029270,0.867573,3.9918,1.5279,9.0673,9.3173
300,9863168,2.942218,0.00028711,1.134064,3.9891,1.5279,9.0673,9.3173
350,11501568,2.911081,0.00028004,1.194960,4.7896,1.5279,9.0673,9.3173
400,13139968,2.745374,0.00027157,0.879954,3.7715,1.5279,9.3173,9.3173
450,14778368,2.551449,0.00026182,1.010839,3.7670,1.5279,9.0673,9.3173
500,16416768,2.602322,0.00025089,0.973977,3.5099,1.5279,9.0673,9.3173
550,18055168,2.575921,0.00023892,0.922574,3.4802,1.5279,9.0673,9.3173
600,19693568,2.515714,0.00022605,0.965141,25.8062,1.5279,9.0673,9.3173
650,21331968,2.337149,0.00021244,0.994514,3.5066,1.5279,9.0673,9.3173
700,22970368,2.451124,0.00019826,0.879902,3.4032,1.5279,9.0673,9.3173
750,24608768,2.364011,0.00018368,0.949952,3.4191,1.5279,9.0673,9.3173
800,26247168,2.366285,0.00016887,0.962873,3.5152,1.5279,9.3173,9.3173
850,27885568,2.222330,0.00015401,0.950889,3.3771,1.5279,9.0673,9.3173
900,29523968,2.251867,0.00013928,0.963959,3.3729,1.5279,9.0673,9.3173
950,31162368,2.118193,0.00012487,0.926761,3.6205,1.5279,9.0673,9.3173
1000,32800768,2.257900,0.00011094,0.873181,3.4810,1.5279,9.3173,9.3173
1050,34439168,2.142124,0.00009767,0.899741,3.3823,1.5279,9.0673,9.3173
1100,36077568,2.151214,0.00008522,0.817962,3.7933,1.5279,9.0673,9.3173
1150,37715968,2.193387,0.00007373,0.793144,3.4298,1.5279,9.0673,9.3173
1200,39354368,2.145342,0.00006335,0.810206,3.9304,1.5279,9.3173,9.3173
1250,40992768,2.128605,0.00005420,0.815262,3.7547,1.5279,9.0673,9.3173
1300,42631168,2.035867,0.00004639,0.851700,3.4412,1.5279,9.0673,9.3173
1350,44269568,2.180567,0.00004002,0.767291,4.4487,1.5279,9.0673,9.3173
1400,45907968,2.077892,0.00003517,0.827875,4.5840,1.5279,9.3173,9.3173
1450,47546368,2.044716,0.00003189,0.778359,3.5390,1.5279,9.0673,9.3173
1500,49184768,2.017170,0.00003022,0.788839,4.7007,1.5279,9.0673,9.3173
1525,50003968,2.036723,0.00003000,0.806000,3.5842,1.5294,9.0673,9.3173
